ApplicantID,Income,Debt,CreditHistory,LoanAmount,LoanStatus
1,45000,10000,Good,15000,Approved
2,28000,7000,Fair,8000,Approved
3,32000,5000,Excellent,10000,Approved
4,60000,20000,Good,25000,Rejected
5,52000,12000,Fair,18000,Approved
6,78000,15000,Excellent,30000,Approved
7,35000,9000,Good,12000,Approved
8,40000,8000,Fair,15000,Approved
9,22000,4000,Excellent,8000,Approved
10,85000,25000,Good,40000,Rejected
11,48000,18000,Fair,12000,Approved
12,62000,10000,Excellent,22000,Approved
13,38000,15000,Good,10000,Approved
14,55000,9000,Fair,20000,Approved
15,25000,6000,Excellent,7000,Approved
16,90000,30000,Good,45000,Approved
17,42000,11000,Fair,14000,Approved
18,39000,7000,Excellent,11000,Approved
19,20000,3000,Good,5000,Approved
20,72000,22000,Fair,32000,Rejected